{
    "EXP2SPE": {
        "Channel": [
            332,
            334,
            335,
            336,
            337
        ],
        "RunNumber": [
            "65",
            "65",
            "65",
            "65",
            "65"
        ],
        "PV": [
            0.7374581939799332,
            0.10416182283189955,
            0.8378995433789955,
            1.0783847980997625,
            1.0320512820512822
        ],
        "PV_unc": [
            0.08109913169284659,
            0.018696648618271326,
            0.49949948137864686,
            0.2971569519477635,
            0.2758281493258883
        ],
        "c1Height": [
            94.44137706671803,
            89.40136944116598,
            299.99915060524063,
            99.8758825923149,
            299.99928917251856
        ],
        "c1Mu": [
            0.03337140259568736,
            0.03586990405807141,
            0.03979096246734786,
            0.03836743284816081,
            0.03967906000863518
        ],
        "c1Sigma": [
            0.010999999999999998,
            0.010999999999999998,
            0.00023672598573783277,
            0.010999999999999998,
            0.0002342354554451134
        ],
        "c2HScale": [
            0.4999999987994286,
            0.49999999999999994,
            0.4998708971360363,
            0.49999999999999967,
            0.4999302648094222
        ],
        "c2MScale": [
            0.28625172902943663,
            0.43966731789400815,
            0.49537519685954257,
            0.3005469772353273,
            0.5020124241621989
        ],
        "c2SScale": [
            0.8865936028333383,
            0.6694983853435494,
            0.999999496616484,
            0.9999935253324687,
            0.9999999999000062
        ],
        "SCScale": [
            0.1655532847964425,
            0.1542130451032591,
            0.09992469911674187,
            0.1516758260141937,
            0.09991183561275134
        ],
        "c1Height_unc": [
            9.449676231755758,
            3.810697141890174,
            193.02262969050128,
            6.435232808865515,
            158.1980046717343
        ],
        "c1Mu_unc": [
            0.0014428968278308674,
            0.0005508575815191905,
            2.304736317122974e-05,
            0.0009065748722077863,
            2.271939090248332e-05
        ],
        "c1Sigma_unc": [
            0.0009528330095702356,
            0.0004028744386675025,
            6.507792896101797e-05,
            0.0005951349940074109,
            4.8705261306486596e-05
        ],
        "c2HScale_unc": [
            0.11311345862936109,
            0.04934819895711483,
            0.6621873804981002,
            0.06459546480154885,
            0.5530920598763897
        ],
        "c2MScale_unc": [
            0.17366858706891977,
            0.03565335143872611,
            0.0010938807296963383,
            0.10098203680736483,
            0.001572291221393082
        ],
        "c2SScale_unc": [
            0.23406033378377358,
            0.10043151846777555,
            0.58834839015718,
            0.20649543032889553,
            0.46660680352773276
        ],
        "SCScale_unc": [
            0.033072040541228566,
            0.009835645422579734,
            0.06323673460841354,
            0.016693338567108154,
            0.04702084602746042
        ],
        "CExp": [
            100.0,
            100.0,
            100.0,
            100.0,
            100.0
        ],
        "f_mu": [
            2e-05,
            2e-05,
            2e-05,
            2e-05,
            2e-05
        ],
        "tau": [
            0.0002,
            0.0002,
            0.0002,
            0.0002,
            0.0002
        ],
        "CExp_unc": [
            0.0,
            0.0,
            0.0,
            0.0,
            0.0
        ],
        "f_mu_unc": [
            0.0,
            0.0,
            0.0,
            0.0,
            0.0
        ],
        "tau_unc": [
            0.0,
            0.0,
            0.0,
            0.0,
            0.0
        ]
    }
}